<?xml version="1.0" encoding="UTF-8"?><tenant enabld="true" exportTime="Fri Apr 16 23:20:02 UTC 2021" load-mode="start" name="casestudy" partial="true" path="/home/incorta/IncortaAnalytics/Tenants/casestudy" version="1.0"><description><![CDATA[sample tenant]]></description><configurations/><security><roles/><groups/><users/></security><data-package><data-files/><data-sources/><schemas/><session-variables/></data-package><catalog><folder id="282" name="mahmoud_sedek@outlook.com" owner-id="397" parent="239"><dashboard description="" guid="2bb42c55-9e76-49cd-a2a8-4c1e7091ae84" id="391" name="TBC Regional Performance Dashboard" owner-id="397" parent="282" version="7"><data xmlns:xi="http://www.w3.org/2001/XInclude"><xi:include href="dashboards/391_dashboard.xml" parse="xml"/></data></dashboard><dashboard description="" guid="0a7ecad6-3c2e-4eef-bcb8-5336eae23973" id="392" name="TBC Profit Analysis Dashboard" owner-id="397" parent="282" version="8"><data xmlns:xi="http://www.w3.org/2001/XInclude"><xi:include href="dashboards/392_dashboard.xml" parse="xml"/></data></dashboard></folder></catalog><scheduler><email-dashboard-jobs/><load-data-Jobs/><alert-Jobs/></scheduler><favorite-dashboards/></tenant>