<?xml version='1.0' encoding='UTF-8'?><report id="391" guid="2bb42c55-9e76-49cd-a2a8-4c1e7091ae84" name="TBC Regional Performance Dashboard" schema="" version="" ownerId="397"><properties><property name="expandedMode" value="false"/></properties><layout><datafield id="bd7f303c-39f4-1dcd-a09d-84483855e342" maxRows="1000" autoRefresh="true"><properties><property name="exportToExternalApi" value="false"/><property name="connectNulls" value="false"/><property name="widthScale" value="1"/><property name="externalApiLabel" value=""/><property name="caption" value="KPIs"/><property name="dynamicHeight" value="false"/><property name="height" value="450"/><property name="hideNullValues" value="false"/><property name="automaticHeight" value="0"/><property name="xAxis" value="true"/><property name="yAxis" value="true"/><property name="numberOfElementsInRow" value="1"/><property name="yAxisTitle" value="true"/><property name="xAxisTitle" value="true"/></properties><binding><measure field="bz_sch_TBC_Sales.vw_Calculations.Profit" label="Profit" function="measure" datatype="double" hierarchy="false" level="-1" aggregation="sum" runningTotal="false"><format numberFormat="3" seriesType="line"/><properties><property name="format" value="$###,###"/></properties></measure><measure field="bz_sch_TBC_Sales.vw_Measures.SALES" label="Sales" function="measure" datatype="double" hierarchy="false" level="-1" aggregation="sum" runningTotal="false"><format numberFormat="3" seriesType="line"/><properties><property name="format" value="$###,###"/></properties></measure><measure field="bz_sch_TBC_Sales.vw_Calculations.TotalOperatingExpenses" label="Total Operating Expenses" function="measure" datatype="double" hierarchy="false" level="-1" aggregation="sum" runningTotal="false"><format numberFormat="3" seriesType="line"/><properties><property name="format" value="$###,###"/></properties></measure><measure field="bz_sch_TBC_Sales.vw_Calculations.ProfitPercentOfSales" label="Profit % of Sales" function="measure" datatype="double" hierarchy="false" level="-1" aggregation="sum" runningTotal="false"><format numberFormat="4" seriesType="line"/><properties><property name="format" value="###,##0.00%"/></properties></measure></binding><format coloringScheme="1" numberFormat="6"/></datafield><table id="6c22debc-5dc2-81d0-3074-6603a58b6590" maxRows="1000" autoRefresh="true" transpose="false" headers="true" fixedColumns="0" aggregation="true" total="false" subtotal="true"><properties><property name="exportToExternalApi" value="false"/><property name="connectNulls" value="false"/><property name="widthScale" value="1"/><property name="mergeColumns" value="true"/><property name="externalApiLabel" value=""/><property name="caption" value="Regional Summary"/><property name="dynamicHeight" value="false"/><property name="height" value="450"/><property name="hideNullValues" value="false"/><property name="automaticHeight" value="0"/><property name="collapsed" value="true"/><property name="xAxis" value="true"/><property name="yAxis" value="true"/><property name="numberOfElementsInRow" value="1"/><property name="yAxisTitle" value="true"/><property name="xAxisTitle" value="true"/></properties><binding><row field="bz_sch_TBC_Sales.vw_Dimensions.REGION" label="Region" function="dimension" datatype="string" hierarchy="false" level="-1" attributePosition="0"><format type="0"/></row><row field="bz_sch_TBC_Sales.vw_Dimensions.STATE" label="State" function="dimension" datatype="string" hierarchy="false" level="-1" attributePosition="0"><format type="0"/></row><measure field="bz_sch_TBC_Sales.vw_Measures.SALES" label="Sales" function="measure" datatype="double" hierarchy="false" level="-1" aggregation="sum" runningTotal="false"><format numberFormat="3" seriesType="line"/><properties><property name="format" value="$###,###"/></properties></measure><measure field="bz_sch_TBC_Sales.vw_Measures.COGS" label="Cogs" function="measure" datatype="double" hierarchy="false" level="-1" aggregation="sum" runningTotal="false"><format numberFormat="3" seriesType="line"/><properties><property name="format" value="$###,###"/></properties></measure><measure field="bz_sch_TBC_Sales.vw_Measures.MARKETING" label="Marketing" function="measure" datatype="double" hierarchy="false" level="-1" aggregation="sum" runningTotal="false"><format numberFormat="3" seriesType="line"/><properties><property name="format" value="$###,###"/></properties></measure><measure field="bz_sch_TBC_Sales.vw_Measures.MISC" label="Misc" function="measure" datatype="double" hierarchy="false" level="-1" aggregation="sum" runningTotal="false"><format numberFormat="3" seriesType="line"/><properties><property name="format" value="$###,###"/></properties></measure><measure field="bz_sch_TBC_Sales.vw_Measures.PAYROLL" label="Payroll" function="measure" datatype="double" hierarchy="false" level="-1" aggregation="sum" runningTotal="false"><format numberFormat="3" seriesType="line"/><properties><property name="format" value="$###,###"/></properties></measure></binding><format coloringScheme="0" showLegend="1"/></table><graph id="99acd06b-6067-83c6-84a7-58fad40fbe61" maxRows="1000" autoRefresh="true" width="auto" height="450" rotation="" showLabels="true" showStackedLabels="false" logarithmic="false" type="tag-cloud"><properties><property name="exportToExternalApi" value="false"/><property name="connectNulls" value="false"/><property name="widthScale" value="1"/><property name="externalApiLabel" value=""/><property name="caption" value="Sales by SKU"/><property name="dynamicHeight" value="false"/><property name="height" value="450"/><property name="hideNullValues" value="false"/><property name="automaticHeight" value="0"/><property name="xAxis" value="true"/><property name="yAxis" value="true"/><property name="numberOfElementsInRow" value="2"/><property name="yAxisTitle" value="true"/><property name="xAxisTitle" value="true"/></properties><binding><row field="bz_sch_TBC_Sales.vw_Dimensions.SKU_ALIAS" label="Sku Alias" function="dimension" datatype="string" hierarchy="false" level="-1"><format type="0"/></row><measure field="bz_sch_TBC_Sales.vw_Measures.SALES" label="Sales" function="measure" datatype="double" hierarchy="false" level="-1" aggregation="sum" runningTotal="false"><format numberFormat="0" seriesType="line"/><properties><property name="format" value="###,##0.00"/></properties></measure></binding><format coloringScheme="0" showLegend="1"/></graph><graph id="3da476f8-5859-5203-8ff1-7fd49b5cd499" maxRows="1000" autoRefresh="true" width="auto" height="450" rotation="" showLabels="true" showStackedLabels="false" logarithmic="false" type="heatmap"><properties><property name="exportToExternalApi" value="false"/><property name="connectNulls" value="false"/><property name="widthScale" value="1"/><property name="externalApiLabel" value=""/><property name="caption" value="Sales Impact by SKU and State"/><property name="dynamicHeight" value="false"/><property name="height" value="450"/><property name="hideNullValues" value="false"/><property name="automaticHeight" value="0"/><property name="xAxis" value="true"/><property name="yAxis" value="true"/><property name="numberOfElementsInRow" value="2"/><property name="yAxisTitle" value="true"/><property name="xAxisTitle" value="true"/></properties><binding><column field="bz_sch_TBC_Sales.vw_Dimensions.SKU_ALIAS" label="Sku Alias" function="dimension" datatype="string" hierarchy="false" level="-1"/><row field="bz_sch_TBC_Sales.vw_Dimensions.STATE" label="State" function="dimension" datatype="string" hierarchy="false" level="-1"><format type="0"/></row><measure field="bz_sch_TBC_Sales.vw_Measures.SALES" label="Sales" function="measure" datatype="double" hierarchy="false" level="-1" aggregation="sum" runningTotal="false"><format color="#7bc657" numberFormat="0" seriesType="line"/><properties><property name="format" value="###,##0.00"/></properties></measure></binding><format coloringScheme="0" showLegend="1"/></graph><table id="a93ae738-47ea-d2a5-bdcf-c0a617b56ddb" maxRows="1000" autoRefresh="true" transpose="false" headers="true" fixedColumns="0" aggregation="false" total="true" subtotal="false"><properties><property name="exportToExternalApi" value="false"/><property name="connectNulls" value="false"/><property name="widthScale" value="1"/><property name="externalApiLabel" value=""/><property name="caption" value="Transaction Details"/><property name="dynamicHeight" value="false"/><property name="height" value="450"/><property name="hideNullValues" value="false"/><property name="automaticHeight" value="0"/><property name="collapsed" value="true"/><property name="xAxis" value="true"/><property name="yAxis" value="true"/><property name="numberOfElementsInRow" value="1"/><property name="yAxisTitle" value="true"/><property name="xAxisTitle" value="true"/></properties><binding><measure field="bz_sch_TBC_Sales.vw_Dimensions.TRANSDATE" label="Transdate" function="dimension" datatype="timestamp" hierarchy="false" level="-1" aggregation="none" runningTotal="false"><format seriesType="line"/><properties><property name="dateFormat" value="null"/></properties></measure><measure field="bz_sch_TBC_Sales.vw_Dimensions.SKU_ALIAS" label="Sku Alias" function="dimension" datatype="string" hierarchy="false" level="-1" aggregation="none" runningTotal="false"><format numberFormat="6" seriesType="line"/><properties><property name="format" value="0.##"/></properties></measure><measure field="bz_sch_TBC_Sales.vw_Dimensions.STATE" label="State" function="dimension" datatype="string" hierarchy="false" level="-1" aggregation="none" runningTotal="false"><format numberFormat="6" seriesType="line"/><properties><property name="format" value="0.##"/></properties></measure><measure field="bz_sch_TBC_Sales.vw_Measures.SALES" label="Sales" function="measure" datatype="double" hierarchy="false" level="-1" aggregation="sum" runningTotal="false"><format numberFormat="3" seriesType="line"/><properties><property name="format" value="$###,###"/></properties></measure><measure field="bz_sch_TBC_Sales.vw_Measures.COGS" label="Cogs" function="measure" datatype="double" hierarchy="false" level="-1" aggregation="sum" runningTotal="false"><format numberFormat="3" seriesType="line"/><properties><property name="format" value="$###,###"/></properties></measure><measure field="bz_sch_TBC_Sales.vw_Measures.MARKETING" label="Marketing" function="measure" datatype="double" hierarchy="false" level="-1" aggregation="sum" runningTotal="false"><format numberFormat="3" seriesType="line"/><properties><property name="format" value="$###,###"/></properties></measure><measure field="bz_sch_TBC_Sales.vw_Measures.MISC" label="Misc" function="measure" datatype="double" hierarchy="false" level="-1" aggregation="sum" runningTotal="false"><format numberFormat="3" seriesType="line"/><properties><property name="format" value="$###,###"/></properties></measure><measure field="bz_sch_TBC_Sales.vw_Measures.PAYROLL" label="Payroll" function="measure" datatype="double" hierarchy="false" level="-1" aggregation="sum" runningTotal="false"><format numberFormat="3" seriesType="line"/><properties><property name="format" value="$###,###"/></properties></measure></binding><format coloringScheme="0" showLegend="1"/></table></layout></report>