<?xml version='1.0' encoding='UTF-8'?><report id="392" guid="0a7ecad6-3c2e-4eef-bcb8-5336eae23973" name="TBC Profit Analysis Dashboard" schema="" version="" ownerId="397"><properties><property name="expandedMode" value="false"/></properties><layout><datafield id="998ff77f-4049-7a9c-5d13-4509768ce2d7" maxRows="1000" autoRefresh="true"><properties><property name="exportToExternalApi" value="false"/><property name="connectNulls" value="false"/><property name="widthScale" value="1"/><property name="externalApiLabel" value=""/><property name="caption" value="KPIs"/><property name="dynamicHeight" value="false"/><property name="height" value="450"/><property name="hideNullValues" value="false"/><property name="automaticHeight" value="0"/><property name="xAxis" value="true"/><property name="yAxis" value="true"/><property name="numberOfElementsInRow" value="1"/><property name="yAxisTitle" value="true"/><property name="xAxisTitle" value="true"/></properties><binding><measure field="bz_sch_TBC_Sales.vw_Calculations.Profit" label="Profit" function="measure" datatype="double" hierarchy="false" level="-1" aggregation="sum" runningTotal="false"><format numberFormat="3" seriesType="line"/><properties><property name="format" value="$###,###"/></properties></measure><measure field="bz_sch_TBC_Sales.vw_Measures.SALES" label="Sales" function="measure" datatype="double" hierarchy="false" level="-1" aggregation="sum" runningTotal="false"><format numberFormat="3" seriesType="line"/><properties><property name="format" value="$###,###"/></properties></measure><measure field="bz_sch_TBC_Sales.vw_Calculations.TotalOperatingExpenses" label="Total Operating Expenses" function="measure" datatype="double" hierarchy="false" level="-1" aggregation="sum" runningTotal="false"><format numberFormat="3" seriesType="line"/><properties><property name="format" value="$###,###"/></properties></measure><measure field="bz_sch_TBC_Sales.vw_Calculations.ProfitPercentOfSales" label="Profit % of Sales" function="measure" datatype="double" hierarchy="false" level="-1" aggregation="sum" runningTotal="false"><format numberFormat="4" seriesType="line"/><properties><property name="format" value="###,##0.00%"/></properties></measure></binding><format coloringScheme="1" numberFormat="6"/></datafield><graph id="629bb6ea-5f93-786e-22d0-ba3f159450d1" maxRows="1000" autoRefresh="true" width="auto" height="450" rotation="" showLabels="true" showStackedLabels="false" logarithmic="false" type="bubble"><properties><property name="exportToExternalApi" value="false"/><property name="connectNulls" value="false"/><property name="widthScale" value="1"/><property name="externalApiLabel" value=""/><property name="caption" value="Marketing vs Profit vs COGs by SKU/State"/><property name="dynamicHeight" value="false"/><property name="height" value="450"/><property name="hideNullValues" value="false"/><property name="automaticHeight" value="0"/><property name="xAxis" value="true"/><property name="yAxis" value="true"/><property name="numberOfElementsInRow" value="2"/><property name="yAxisTitle" value="true"/><property name="xAxisTitle" value="true"/></properties><binding><row field="bz_sch_TBC_Sales.vw_Dimensions.SKU_ALIAS" label="Sku Alias" function="dimension" datatype="string" hierarchy="false" level="-1"><format type="0"/></row><row field="bz_sch_TBC_Sales.vw_Dimensions.STATE" label="State" function="dimension" datatype="string" hierarchy="false" level="-1"><format type="0"/></row><row field="bz_sch_TBC_Sales.vw_Calculations.MonthNumber" label="Month Name" function="measure" datatype="string" hierarchy="false" level="-1"><format type="0"/></row><measure formula="abs(bz_sch_TBC_Sales.vw_Measures.MARKETING)" label="Marketing" datatype="formula" level="-1" aggregation="sum" runningTotal="false"><format numberFormat="6" seriesType="line"/><properties><property name="format" value="0.##"/></properties></measure><measure field="bz_sch_TBC_Sales.vw_Calculations.Profit" label="Profit" function="measure" datatype="double" hierarchy="false" level="-1" aggregation="sum" runningTotal="false"><format numberFormat="0" seriesType="line"/><properties><property name="format" value="###,##0.00"/></properties></measure><measure field="bz_sch_TBC_Sales.vw_Measures.COGS" label="Cogs" function="measure" datatype="double" hierarchy="false" level="-1" aggregation="sum" runningTotal="false"><format numberFormat="0" seriesType="line"/><properties><property name="format" value="###,##0.00"/></properties></measure></binding><format coloringScheme="0" showLegend="1"/></graph><graph id="01231a32-922b-14b1-e3aa-e4e128e1a6b2" maxRows="1000" autoRefresh="true" width="auto" height="450" rotation="" showLabels="true" showStackedLabels="true" logarithmic="false" type="map"><properties><property name="exportToExternalApi" value="false"/><property name="connectNulls" value="false"/><property name="widthScale" value="1"/><property name="externalApiLabel" value=""/><property name="caption" value="Sales by State"/><property name="dynamicHeight" value="false"/><property name="height" value="450"/><property name="hideNullValues" value="false"/><property name="automaticHeight" value="0"/><property name="xAxis" value="true"/><property name="yAxis" value="true"/><property name="numberOfElementsInRow" value="2"/><property name="yAxisTitle" value="true"/><property name="xAxisTitle" value="true"/></properties><binding><row field="bz_sch_TBC_Sales.vw_Dimensions.STATE" label="State" function="dimension" datatype="string" hierarchy="false" level="-1"><format type="1"/></row><measure field="bz_sch_TBC_Sales.vw_Measures.SALES" label="Sales" function="measure" datatype="double" hierarchy="false" level="-1" aggregation="sum" runningTotal="false"><format numberFormat="0" seriesType="line"/><properties><property name="format" value="###,##0.00"/></properties></measure></binding><format coloringScheme="0" showLegend="1"/></graph><graph id="699e4e9e-d131-a768-ac0c-0629944a45d2" maxRows="1000" autoRefresh="true" width="auto" height="450" rotation="" showLabels="true" showStackedLabels="true" logarithmic="false" type="dualx"><properties><property name="exportToExternalApi" value="false"/><property name="connectNulls" value="false"/><property name="widthScale" value="1"/><property name="externalApiLabel" value=""/><property name="caption" value="Sales by Region by Month"/><property name="dynamicHeight" value="false"/><property name="height" value="450"/><property name="hideNullValues" value="false"/><property name="automaticHeight" value="0"/><property name="xAxis" value="true"/><property name="yAxis" value="true"/><property name="numberOfElementsInRow" value="1"/><property name="yAxisTitle" value="true"/><property name="xAxisTitle" value="true"/></properties><binding><row field="bz_sch_TBC_Sales.vw_Dimensions.REGION" label="Region" function="dimension" datatype="string" hierarchy="false" level="-1"><format type="0"/></row><row field="bz_sch_TBC_Sales.vw_Calculations.MonthNumber" label="Month Name" function="measure" datatype="string" hierarchy="false" level="-1"><format type="0"/></row><measure field="bz_sch_TBC_Sales.vw_Calculations.Profit" label="Profit" function="measure" datatype="double" hierarchy="false" level="-1" aggregation="sum" runningTotal="false"><format numberFormat="0" seriesType="line"/><properties><property name="format" value="###,##0.00"/></properties></measure><measure field="bz_sch_TBC_Sales.vw_Measures.SALES" label="Sales" function="measure" datatype="double" hierarchy="false" level="-1" aggregation="sum" runningTotal="false"><format numberFormat="0" seriesType="line"/><properties><property name="format" value="###,##0.00"/></properties></measure></binding><format coloringScheme="0" showLegend="1"/></graph><pivot id="ec5ee06f-4765-8f99-adcd-360d945fd309" maxRows="1000" autoRefresh="true" fixedColumns="true"><properties><property name="exportToExternalApi" value="false"/><property name="connectNulls" value="false"/><property name="widthScale" value="1"/><property name="externalApiLabel" value=""/><property name="col_total" value="false"/><property name="caption" value="Product Family and Regional Profit"/><property name="dynamicHeight" value="false"/><property name="col_total_only" value="false"/><property name="height" value="450"/><property name="hideNullValues" value="false"/><property name="automaticHeight" value="0"/><property name="row_total_pos" value="0"/><property name="xAxis" value="true"/><property name="col_total_pos" value="0"/><property name="yAxis" value="true"/><property name="numberOfElementsInRow" value="1"/><property name="yAxisTitle" value="true"/><property name="row_total" value="true"/><property name="xAxisTitle" value="true"/></properties><binding><column field="bz_sch_TBC_Sales.vw_Dimensions.FAMILY_ALIAS" label="" function="dimension" datatype="string" hierarchy="false" level="-1"/><row field="bz_sch_TBC_Sales.vw_Dimensions.REGION" label="" function="dimension" datatype="string" hierarchy="false" level="-1"><format type="0"/><drillDowns><drillDown dashboardId="0a7ecad6-3c2e-4eef-bcb8-5336eae23973" dashboardName="TBC Profit Analysis Dashboard" includeAppliedFilters="false" includeRuntimeFilters="true"/></drillDowns></row><row field="bz_sch_TBC_Sales.vw_Dimensions.STATE" label="" function="dimension" datatype="string" hierarchy="false" level="-1"><format type="0"/></row><measure field="bz_sch_TBC_Sales.vw_Calculations.TotalOperatingExpenses" label="TotalOperatingExpenses" function="measure" datatype="double" hierarchy="false" level="-1" aggregation="sum" runningTotal="false"><format numberFormat="3" seriesType="line"/><properties><property name="format" value="$###,###"/></properties></measure><measure field="bz_sch_TBC_Sales.vw_Calculations.Profit" label="Profit" function="measure" datatype="double" hierarchy="false" level="-1" aggregation="sum" runningTotal="false"><format numberFormat="3" seriesType="line"/><properties><property name="format" value="$###,###"/></properties></measure><measure field="bz_sch_TBC_Sales.vw_Calculations.ProfitPercentOfSales" label="Profit % of Sales" function="measure" datatype="double" hierarchy="false" level="-1" aggregation="sum" runningTotal="false"><format numberFormat="4" seriesType="line"/><properties><property name="format" value="###,##0.00%"/></properties></measure></binding><format coloringScheme="0" showLegend="1"/></pivot><table id="10a3eeef-6366-cf57-cc64-bf7f0063435e" maxRows="1000" autoRefresh="true" transpose="false" headers="true" fixedColumns="0" aggregation="false" total="true" subtotal="false"><properties><property name="exportToExternalApi" value="false"/><property name="connectNulls" value="false"/><property name="widthScale" value="1"/><property name="externalApiLabel" value=""/><property name="caption" value="Transaction Details"/><property name="dynamicHeight" value="false"/><property name="height" value="450"/><property name="hideNullValues" value="false"/><property name="automaticHeight" value="0"/><property name="collapsed" value="true"/><property name="xAxis" value="true"/><property name="yAxis" value="true"/><property name="numberOfElementsInRow" value="1"/><property name="yAxisTitle" value="true"/><property name="xAxisTitle" value="true"/></properties><binding><measure field="bz_sch_TBC_Sales.vw_Dimensions.TRANSDATE" label="Transdate" function="dimension" datatype="timestamp" hierarchy="false" level="-1" aggregation="none" runningTotal="false"><format seriesType="line"/><properties><property name="dateFormat" value="null"/></properties></measure><measure field="bz_sch_TBC_Sales.vw_Dimensions.SKU_ALIAS" label="Sku Alias" function="dimension" datatype="string" hierarchy="false" level="-1" aggregation="none" runningTotal="false"><format numberFormat="6" seriesType="line"/><properties><property name="format" value="0.##"/></properties></measure><measure field="bz_sch_TBC_Sales.vw_Dimensions.STATE" label="State" function="dimension" datatype="string" hierarchy="false" level="-1" aggregation="none" runningTotal="false"><format numberFormat="6" seriesType="line"/><properties><property name="format" value="0.##"/></properties></measure><measure field="bz_sch_TBC_Sales.vw_Measures.SALES" label="Sales" function="measure" datatype="double" hierarchy="false" level="-1" aggregation="sum" runningTotal="false"><format numberFormat="3" seriesType="line"/><properties><property name="format" value="$###,###"/></properties></measure><measure field="bz_sch_TBC_Sales.vw_Measures.COGS" label="Cogs" function="measure" datatype="double" hierarchy="false" level="-1" aggregation="sum" runningTotal="false"><format numberFormat="3" seriesType="line"/><properties><property name="format" value="$###,###"/></properties></measure><measure field="bz_sch_TBC_Sales.vw_Measures.MARKETING" label="Marketing" function="measure" datatype="double" hierarchy="false" level="-1" aggregation="sum" runningTotal="false"><format numberFormat="3" seriesType="line"/><properties><property name="format" value="$###,###"/></properties></measure><measure field="bz_sch_TBC_Sales.vw_Measures.MISC" label="Misc" function="measure" datatype="double" hierarchy="false" level="-1" aggregation="sum" runningTotal="false"><format numberFormat="3" seriesType="line"/><properties><property name="format" value="$###,###"/></properties></measure><measure field="bz_sch_TBC_Sales.vw_Measures.PAYROLL" label="Payroll" function="measure" datatype="double" hierarchy="false" level="-1" aggregation="sum" runningTotal="false"><format numberFormat="3" seriesType="line"/><properties><property name="format" value="$###,###"/></properties></measure></binding><format coloringScheme="0" showLegend="1"/></table></layout></report>